Title,Link,Maddy Rating,Hunter Rating,Date Cooked,Notes,,
Black Bean Sweet Potato Enchilada,Black Bean Sweet Potato Enchiladas - Cookie and Kate,5,,8/20/2020,,,
Creamy Thai Carrot Sweet Potato Soup,Creamy Thai Carrot Sweet Potato Soup - Cookie and Kate,5,,8/20/2020,,,
Strawberry Spoon Cake,Strawberry Spoon Cake Recipe - NYT Cooking,5,,8/20/2020,,,
"Lemony Pasta with Cauliflower, Chickpeas, Arugula",https://www.epicurious.com/recipes/food/views/lemony-pasta-with-cauliflower-chickpeas-and-arugula?intcid=inline_amp,5,,8/20/2020,,,
Warm Winter Vegetable Salad,https://www.bonappetit.com/recipe/warm-winter-vegetable-salad-with-halloumi,5,,12/10/2020,,,
Roasted Tomato and White Bean Stew,https://cooking.nytimes.com/recipes/1020926-roasted-tomato-and-white-bean-stew?action=click&module=Collection%20Page%20Recipe%20Card&region=Weekly%20Plan%2011%2F27&pgType=collection&rank=1,5,,12/20/2020,,,
Tofu with Soy Butter Corn,https://www.bonappetit.com/recipe/tofu-with-soy-butter-corn,5,,12/20/2020,,,
Raosted Salmon with Citrus Salsa Verde,https://www.bonappetit.com/recipe/roasted-salmon-salsa-verde,5,,12/20/2020,,,
Miso Polenta with Spring Vegetables and Tofu,https://www.bonappetit.com/recipe/miso-polenta-with-spring-vegetables-and-tofu,3,,12/20/2020,,,
Thai Pineapple Fried Rice,https://cookieandkate.com/thai-pineapple-fried-rice-recipe/,4,,12/25/2020,use leftover rice,,
Authentic Thai-Style Shrimp,https://www.onceuponachef.com/recipes/thai-ginger-and-sweet-red-chili-shrimp.html,5,,12/25/2020,,,
Cherry Rugelach with Cardamom Sugar,https://cooking.nytimes.com/recipes/1021662-cherry-rugelach-with-cardamom-sugar?action=click&module=RecipeBox&pgType=recipebox-page&region=all&rank=0,5,,12/25/2020,,,
Grammy's Spice Cookies,https://cooking.nytimes.com/recipes/1014421-grammys-spice-cookies?action=click&module=Collection%20Page%20Recipe%20Card&region=Christmas%20Cookie%20Recipes&pgType=collection&rank=59,5,,12/25/2020,,,
Za'atar Eggs with Lemony Yogurt and Herbs,https://www.halfbakedharvest.com/zaatar-eggs/,5,,1/10/2021,,`,2wwwddwe
Better Than Takeout Shrimp Pad Thai,https://www.halfbakedharvest.com/shrimp-pad-thai/,4,,1/10/2021,,,
30 Minute Creamy Sesame Miso Ramen,https://www.halfbakedharvest.com/creamy-sesame-miso-ramen/,3,1,1/10/2021,,,
One-Pot Tumeric Coconut Rice,https://cooking.nytimes.com/recipes/1019920-one-pot-turmeric-coconut-rice-with-greens?action=click&module=Collection%20Page%20Recipe%20Card&region=Weeknight%20Vegan&pgType=collection&rank=16,5,,1/10/2021,could use with any veggies,,
Black Lentil and Harissa Salad,https://www.bonappetit.com/recipe/black-lentil-and-harissa-roasted-veggie-bowl,5,,1/10/2021,,,
Black Pepper Tofu and Asparagus,https://www.bonappetit.com/recipe/black-pepper-tofu-and-asparagus,5,,1/10/2021,,,
"Baked Rice With White Beans, Leeks and Lemon",https://cooking.nytimes.com/recipes/1020273-baked-rice-with-white-beans-leeks-and-lemon,5,,1/31/2021,too many leeks! would be good with brocolini,,
Pasta Puttanesca,https://cooking.nytimes.com/recipes/11583-pasta-puttanesca,3,,1/31/2021,,,
Curried red lentil soup,https://cooking.nytimes.com/recipes/1019928-curried-red-lentil-soup-with-toasted-coconut?action=click&module=Recirculation%20Band%20Recipe%20Card&region=More%20from%20Easy%20Weeknight%20Dinners&pgType=recipedetails&rank=11,4,,1/31/2021,,,
Fish with Sizzling Olive Butter,https://cooking.nytimes.com/recipes/1020813-fish-with-sizzling-olive-butter?action=click&module=Collection%20Page%20Recipe%20Card&region=Our%2010%20Most%20Popular%20Recipes%20Right%20Now&pgType=collection&rank=6,4,,1/31/2021,fish a little undercooked,,
Carmelized Shallot Pasta,https://cooking.nytimes.com/recipes/1020830-caramelized-shallot-pasta,4,,2/11/2021,,,
Sheet Pan Harissa Salmon with Potatoes and Citrus,https://cooking.nytimes.com/recipes/1019962-sheet-pan-harissa-salmon-with-potatoes-and-citrus?action=click&module=Collection%20Page%20Recipe%20Card&region=Because%20the%20Dishwasher%20Is%20You%3A%2048%20Delicious%20One-Pot%20(or%20Pan)%20Dinners&pgType=collection&rank=37,5,,2/11/2021,,,
Sweet and Spicy Tofu with Soba Noodles,https://cooking.nytimes.com/recipes/1019471-sweet-and-spicy-tofu-with-soba-noodles?action=click&module=Collection%20Page%20Recipe%20Card&region=Because%20the%20Dishwasher%20Is%20You%3A%2048%20Delicious%20One-Pot%20(or%20Pan)%20Dinners&pgType=collection&rank=9,3,,2/11/2021,soba noodles disintigrated ,,
Green Curry Lentil Soup,https://www.bonappetit.com/recipe/green-curry-lentil-soup,4,,2/11/2021,,,
Make Ahead Lentil Salad,https://www.bonappetit.com/recipe/make-ahead-lentil-salad,4,,2/11/2021,,,
Vegetarian Bean Chili with Fritos,https://www.bonappetit.com/recipe/vegetarian-bean-chili-with-fritos,4,,2/11/2021,,,
Garlic Bread Grilled Cheese,https://www.bonappetit.com/recipe/garlic-bread-grilled-cheese,4,,2/27/2021,,,
Salmon Fried Rice,https://cooking.nytimes.com/recipes/1020152-salmon-fried-rice?action=click&module=Collection%20Page%20Recipe%20Card&region=Easy%20Weeknight%20Salmon&pgType=collection&rank=4,4,,2/27/2021,,,
Red Bean Stew,https://cooking.nytimes.com/recipes/1013868-red-bean-stew?action=click&module=Collection%20Page%20Recipe%20Card&region=Dishes%20That%20Taste%20Better%20on%20the%20Second%20(or%20Third)%20Day&pgType=collection&rank=17,3,,2/27/2021,,,
"Gingery Fried Rice with Bok Choy, Mushrooms and Basil",https://cooking.nytimes.com/recipes/1020857-gingery-fried-rice-with-bok-choy-mushrooms-and-basil?action=click&module=Collection%20Page%20Recipe%20Card&region=Quick%20Stir-Fries&pgType=collection&rank=5,2,,2/27/2021,,,
Sheet Pan Baked Feta with Brocollini Tomatoes and Lemon,https://cooking.nytimes.com/recipes/1021277-sheet-pan-baked-feta-with-broccolini-tomatoes-and-lemon?action=click&module=Collection%20Band%20Recipe%20Card&region=Sheet-Pan%20Dinners&pgType=supercollection&rank=1,4,,2/27/2021,,,
Lunch Nachos with Spiced Cauliflower,https://www.bonappetit.com/recipe/lunch-nachos-with-spiced-cauliflower,4,,2/27/2021,,,
Creamy Avocado Pesto Pasta,https://cooking.nytimes.com/recipes/1021230-creamy-avocado-pesto-pasta?action=click&module=Collection%20Band%20Recipe%20Card&region=Weeknight%20Vegetarian&pgType=supercollection&rank=5,3,,2/27/2021,,,
Rigatoni with Fennel and Anchovies,https://www.bonappetit.com/recipe/rigatoni-with-fennel-and-anchovies,4,,2/27/2021,,,
Mushroom and Burrata Lasagnette,https://www.bonappetit.com/recipe/mushroom-and-burrata-lasagnette,4,,2/27/2021,,,
Lemony Orzo With Asparagus and Garlic Bread Crumbs,https://cooking.nytimes.com/recipes/1021068-lemony-orzo-with-asparagus-and-garlic-bread-crumbs,5,,3/20/2021,,,
Pasta Alla Norma,https://cooking.nytimes.com/recipes/1014832-pasta-alla-norma?action=click&module=Collection%20Band%20Recipe%20Card&region=Easy%20Weeknight%20Dinners&pgType=supercollection&rank=6,3,,3/20/2021,,,
Vegetarian Skillet Chili,https://cooking.nytimes.com/recipes/1017704-vegetarian-skillet-chili?action=click&module=Collection%20Band%20Recipe%20Card&region=Weeknight%20Vegetarian&pgType=supercollection&rank=7,3,,3/20/2021,,,
Baked Tofu with Peanut Sauce and Coconut Lime Rice,https://cooking.nytimes.com/recipes/1020530-baked-tofu-with-peanut-sauce-and-coconut-lime-rice?action=click&module=Local%20Search%20Recipe%20Card&pgType=search&rank=6,3,,3/20/2021,sauce too thick,,
Chickpea Harissa Soup,https://cooking.nytimes.com/recipes/1019897-chickpea-harissa-soup?action=click&module=Local%20Search%20Recipe%20Card&pgType=search&rank=6,3,,3/20/2021,,,
Coconut-Miso Salmon Curry,https://cooking.nytimes.com/recipes/1020045-coconut-miso-salmon-curry,4,,4/21/2021,made with carrots instead of spinach...would be good w/ bok choy. get salmon without skin,,
Spring Tofu Soup,https://cooking.nytimes.com/recipes/1021030-spring-tofu-soup,5,,4/21/2021,,,
Carrot Tart With Ricotta and Feta,https://cooking.nytimes.com/recipes/1020174-carrot-tart-with-ricotta-and-feta,5,,4/21/2021,,,
"Caramelized Plantains With Beans, Scallions and Lemon",https://cooking.nytimes.com/recipes/1021805-caramelized-plantains-with-beans-scallions-and-lemon,5,,4/21/2021,"needs more beans and fewer onions, good with arugula",,
Lemony Tortellini Soup with Spinach and Dill,https://www.bonappetit.com/recipe/lemony-tortellini-soup-with-spinach-and-dill,4,,4/21/2021,,,
Coconut Apple Ginger Dal,https://www.bonappetit.com/recipe/coconut-apple-ginger-dal,5,,4/29/2021,double spices,,
Thai Basil Tofu Stir Fry,https://drivemehungry.com/15-minute-thai-basil-tofu-stir-fry-pad-krapow/,5,,4/22/2021,Moar sauce,,
Pesto Caprese Puff Pastry,https://daniliciousdishes.com/pesto-caprese-puff-pastries/,5,,4/27/2021,,,
Kale Caesar Salad,https://www.halfbakedharvest.com/kale-caesar-salad/,5,,2/27/2021,,,
Roasted Cauliflower Salad,https://www.halfbakedharvest.com/roasted-cauliflower-salad/,5,,2/27/2021,,,
Spicy Tangy Broth With Crispy Rice,https://www.bonappetit.com/recipe/spicy-and-tangy-broth-with-crispy-rice#intcid=_bon-appetit-recipe-bottom-recirc_cc1d1608-3d5f-49a0-879c-e20fa427caa2_text2vec1,4,3,4/15/2021,with white fish,,
Spicy Shrimp and Rancho Gordos,https://cooking.nytimes.com/recipes/1022161-spicy-shrimp-and-chickpea-salad,5,4,6/7/2021,,,
Alison Roman Pasta Salad,https://anewsletter.alisoneroman.com/p/pasta-salad-video,4,,6/7/2021,,,
Crispy Tofu with cashews and blistered snap peas,https://cooking.nytimes.com/recipes/1021200-crispy-tofu-with-cashews-and-blistered-snap-peas?action=click&region=Sam%20Sifton%27s%20Suggestions&rank=4,5,,7/3/2021,,,
Margarita Pizza Beans,https://www.bonappetit.com/recipe/margherita-pizza-beans?utm_source=BNA_REG_GATE,5,,10/1/2021,,,
Chicken Soup for Summer Colds,https://anewsletter.alisoneroman.com/p/chicken-soup-for-summer-colds,5,,,,,
Rice Pilaf with Lemony Brown Butter Mushrooms,https://www.bonappetit.com/recipe/rice-pilaf-with-lemony-brown-butter-mushrooms,5,,,,,
Seasme Tofu With Broccoli,https://www.bonappetit.com/recipe/sesame-tofu-with-broccoli,5,,,,,
Fried Tagiatelle with Chickkpeas and smokey tomatoes,https://cooking.nytimes.com/recipes/1021789-fried-tagliatelle-with-chickpeas-and-smoky-tomatoes?action=click&module=Collection%20Page%20Recipe%20Card&region=Our%2050%20Most%20Popular%20Recipes%20of%202021&pgType=collection&rank=34,5,,,,,
Braised white beans and green with parmesan,https://cooking.nytimes.com/recipes/1021902-braised-white-beans-and-greens-with-parmesan?action=click&module=Collection%20Page%20Recipe%20Card&region=Our%2050%20Most%20Popular%20Recipes%20of%202021&pgType=collection&rank=18,5,,,Small yield - Double it,,
Crispy Gnoochi With Burst Tomatoes and Mozzarella,https://cooking.nytimes.com/recipes/1022024-crispy-gnocchi-with-burst-tomatoes-and-mozzarella?action=click&module=Collection%20Page%20Recipe%20Card&region=Our%2050%20Most%20Popular%20Recipes%20of%202021&pgType=collection&rank=4,5,,,,,
Alison Roman's Shrimp Scampi,https://anewsletter.alisoneroman.com/p/shrimp-scampi-video,5,,,,,
Kimchi Udon,https://www.bonappetit.com/recipe/kimchi-udon-with-scallions,1,1,,,,
Tofu and Broccoli Fried Rice,https://cooking.nytimes.com/recipes/1022870-tofu-and-broccoli-fried-rice?module=Recipe+of+The+Day&pgType=homepage&action=click,4,4,,,,
Sheet pan fried rice,https://cooking.nytimes.com/recipes/1022892-sheet-pan-fried-rice-with-vegan-xo-sauce?action=click&module=Collection%20Page%20Recipe%20Card&region=Sam%20Sifton%E2%80%99s%20Suggestions&pgType=collection&rank=27,4,,2/21/2022,,,
Alison Roman's dilly bean stew,https://anewsletter.alisoneroman.com/p/dilly-bean-stew-video,4,,2/22/2022,,,
Lemony Shrimp and Bean Stew,https://cooking.nytimes.com/recipes/1020828-lemony-shrimp-and-bean-stew?algo=combo_cooking_als_top_conversion_app_7_80_random_filter_20&fellback=false&imp_id=763489515&pool=pool%2Fe3056042-8b97-4bd3-b612-8265641a1cfb&req_id=76452481&surface=cooking-carousel_rec4u&variant=2_combo_cooking_als_top_conversion_app_7_80_random_filter_20&action=click&module=SaveRecap&pgType=front-page&region=Save%20Recap%20Suggestions&rank=4,4,,,,,
Black Bean Burgers,https://www.seriouseats.com/the-best-black-bean-burger-recipe,4,,,,,
Chickpea Tomato peanut West African Stew,https://minimalistbaker.com/1-pot-chickpea-tomato-peanut-stew-west-african-inspired/#wprm-recipe-container-46430,4,,,makes a lot,,
Sabzi ,https://cooking.nytimes.com/recipes/1022751-mixed-sabzi?action=click&module=Global%20Search%20Recipe%20Card&pgType=search&rank=36,5,4,4/16/2022,"Better if a thicker sauce was used, more tomoatoes less water",,
Artichoke bread pudding,https://www.foodandwine.com/recipes/savory-artichoke-bread-pudding,5,,,,,
Vegetarian Black Bean Chowder,https://www.ranchogordo.com/blogs/recipes/vegetarian-black-bean-chowder?_pos=23&_sid=2d9e68b99&_ss=r ,5,,,,,
Succotash,https://www.acouplecooks.com/succotash/,4,,,,,
Creamy White Bean Goat Cheese Spread,https://www.ranchogordo.com/blogs/recipes/creamy-white-bean-olive-and-goat-cheese-spread?_pos=4&_sid=c5ad0a216&_ss=r,5,,,,,
Alison Roman Pasta Salad with Peas,https://www.alisoneroman.com/recipes/pasta-salad-with-peas-and-parmesan,4,,,,,
Maitake Wild Rice,https://www.mushroomcouncil.com/recipes/maitake-wild-rice-salad/,5,,,,,
Vegan White Bean Chowder,https://www.anediblemosaic.com/white-bean-chowder/?cn-reloaded=1,4,,,use whole can of coconut cream,,
Creamy Stovetop Broccoli Mac and Cheese,https://iamafoodblog.com/creamy-stovetop-jalapeno-broccoli-mac-and-cheese-recipe/,4,4,,,,
Walnut Picadillo,https://cooking.nytimes.com/recipes/1023207-walnut-picadillo?campaign_id=58&emc=edit_ck_20220529&instance_id=62601&nl=cooking&regi_id=127686826&segment_id=93686&te=1&user_id=a7f3bdeaaaa1d89a0af3816949f00fe5,5,5,,,,
Refried Beans,https://www.101cookbooks.com/refried-beans/,5,,,,,
Pasta With Cicheria and Mushrooms,https://www.ranchogordo.com/blogs/recipes/pasta-with-cicerchia-and-mushrooms,,,,,,
White bean cauliflower lemon piccata,https://www.ranchogordo.com/blogs/recipes/marcella-beans-and-cauliflower-in-a-lemon-caper-sauce,,,,,,
Minestrone soup with giant white beans and squash,https://cooking.nytimes.com/recipes/1017113-minestrone-with-giant-white-beans-and-winter-squash,,,,,,
Marcella Beans and Cauliflower,https://www.ranchogordo.com/blogs/recipes/marcella-beans-and-cauliflower-in-a-lemon-caper-sauce,,,,,,
tofu makhani,https://cooking.nytimes.com/recipes/1020094-tofu-makhani-indian-butter-tofu?action=click&module=Collection%20Page%20Recipe%20Card&region=%20Main-Event%20Tofu&pgType=collection&rank=5,4,,,,,
tartine's gougeres,http://yummysupper.blogspot.com/2010/08/tartines-gougeres.html,,,,,,
Heirloom Bean and Mushroom Cassarole,https://www.101cookbooks.com/rancho-gordo-heirloom-bean-and-mushroom-carnitas-casserole/,,,,,,
Easy Kitchari,https://minimalistbaker.com/easy-kitchari-instant-pot-friendly/#wprm-recipe-container-77903,,,,,,
green curry tofu,https://cooking.nytimes.com/recipes/1023248-green-curry-glazed-tofu?action=click&module=Collection%20Page%20Recipe%20Card&region=Easy%2030-Minute%20Vegetarian%20Recipes&pgType=collection&rank=32,,,,,,
Fried Cheese and Chickpeas in Spicy Tomato Gravy,https://cooking.nytimes.com/recipes/1024010-fried-cheese-and-chickpeas-in-spicy-tomato-gravy?action=click&module=Collection%20Band%20Recipe%20Card&region=Easy%2030-Minute%20Vegetarian%20Recipes&pgType=supercollection&rank=3,5,,,,,
"Tomato-Green Bean Salad With Chickpeas, Feta and Dill",https://cooking.nytimes.com/recipes/1022380-tomato-green-bean-salad-with-chickpeas-feta-and-dill?algo=bandit-recipe-decay-240-alpha-0.05&alpha=0.05&fellback=false&imp_id=923615320&pool=cooking-bandit-recipes-200-ls&req_id=676753165&surface=cooking-web-trending&variant=1_bandit_recipe_pool_200&action=click&module=TrendingCarousel&pgType=front-page&region=Trending%20Carousel%20Suggestions&rank=0,5,,,,,
Caramelized Corn and Asparagus Pasta With Ricotta,https://cooking.nytimes.com/recipes/1021161-caramelized-corn-and-asparagus-pasta-with-ricotta?action=click&module=Collection%20Page%20Recipe%20Card&region=Our%20Best%20Asparagus%20Recipes&pgType=collection&rank=22,5,,,,,
blueberry muffins,https://cooking.nytimes.com/recipes/2868-jordan-marshs-blueberry-muffins?smid=ck-recipe-iOS-share,,,,,,
Zucchini Salad with Mint and Feta,https://cooking.nytimes.com/recipes/1024472-zucchini-salad-with-sizzled-mint-and-feta?action=click&module=Collection%20Band%20Recipe%20Card&region=Vegetarian%20Potluck%20Recipes&pgType=supercollection&rank=4,,,,,,
Bulgogi Style tofu,https://cooking.nytimes.com/recipes/1023313-bulgogi-style-tofu?action=click&module=Collection%20Band%20Recipe%20Card&region=Vegetarian%20Potluck%20Recipes&pgType=supercollection&rank=3,,,,,,
mediterranean garlic scape pasta,https://www.alstedefarms.com/recipe/mediterranean-garlic-scape-pasta/,,,,,,
Corn and Miso Pasta Salad,https://cooking.nytimes.com/recipes/1024306-corn-and-miso-pasta-salad,,,,,,
Spiced Eggplant and Tomatoes With Runny Eggs,https://cooking.nytimes.com/recipes/1022511-spiced-eggplant-and-tomatoes-with-runny-eggs,,,,,,
Pozole,https://www.ranchogordo.com/blogs/recipes/bean-and-vegetable-posole,,,,,,
honey glazed mushrooms with udon,https://cooking.nytimes.com/recipes/1022833-honey-glazed-mushrooms-with-udon,,,,,,
Spanikopita Orzo,https://cooking.nytimes.com/recipes/1021485-one-pan-orzo-with-spinach-and-feta,,,,,,
Soy braised tofu with bok choy,https://cooking.nytimes.com/recipes/1023301-soy-braised-tofu-with-bok-choy,,,,,,
Greens and beans alla vodka,https://cooking.nytimes.com/recipes/1023024-beans-and-greens-alla-vodka,,,,,,
coop squash soup,https://substack.com/redirect/58fc7434-c1f1-450f-9a52-a2d9ed4a47cb?j=eyJ1IjoiMXVhNXMifQ.0pp_IvdDDSiWmXFy4spZiGg8_IwwIj1Ui2jTpFKy6AQ,,,,,,
Mattar paneer peas,https://cooking.nytimes.com/recipes/1023017-mattar-paneer-peas-and-paneer-in-spiced-tomato-gravy,,,,,,
BBQ Salmon Mango Salsa,https://pinchofyum.com/bbq-salmon-mango-salsa,,,,,,
Dumping Tomato Salad,https://cooking.nytimes.com/recipes/1024075-dumpling-tomato-salad-with-chile-crisp-vinaigrette,,,,,,
Kung Pao Tofu,https://cooking.nytimes.com/recipes/1025397-kung-pao-tofu,,,,,,
Tumeric-ginger Salmon,https://cooking.nytimes.com/recipes/1025771-turmeric-ginger-salmon,,,,,,
Lentil Tomato soup,https://cooking.nytimes.com/recipes/1025225-lentil-tomato-soup?smid=ck-recipe-iOS-share,,,,,,
Cheesy Green Chile Bean Bake,https://cooking.nytimes.com/recipes/1025014-cheesy-green-chile-bean-bake?smid=ck-recipe-iOS-share,,,,,,
Corn Chowder,https://cooking.nytimes.com/recipes/8904-basic-corn-chowder?smid=ck-recipe-iOS-share,,,,,,
Squash Soup With Lentils,https://substack.com/redirect/58fc7434-c1f1-450f-9a52-a2d9ed4a47cb?j=eyJ1IjoiMXVhNXMifQ.0pp_IvdDDSiWmXFy4spZiGg8_IwwIj1Ui2jTpFKy6AQ,,,,,,
Crispy Gnocchi with Sausage and Broccoli,https://cooking.nytimes.com/recipes/1025733-crispy-gnocchi-with-sausage-and-broccoli,,,,,,
,,,,,,,
,https://cooking.nytimes.com/recipes/1023528-butternut-squash-pasta-with-brown-butter-bread-crumbs,,,,,,
,https://cooking.nytimes.com/recipes/1024427-vegetable-soup,,,,,,
,https://cooking.nytimes.com/recipes/1021511-brown-butter-lentil-and-sweet-potato-salad?smid=ck-recipe-iOS-share,,,,,,
,https://cooking.nytimes.com/recipes/1025400-lemongrass-tofu-and-broccoli,,,,,,
,https://cooking.nytimes.com/recipes/1024236-masala-black-eyed-peas,,,,,,
,https://cooking.nytimes.com/recipes/1023313-bulgogi-style-tofu?action=click&module=Collection%20Band%20Recipe%20Card&region=Vegetarian%20Potluck%20Recipes&pgType=supercollection&rank=3,,,,,,
,https://cooking.nytimes.com/recipes/1025868-chewy-brownie-cookies,,,,,,
,https://cooking.nytimes.com/recipes/1022535-chewy-earl-grey-sugar-cookies,,,,,,
,https://cooking.nytimes.com/recipes/1025969-parmesan-crusted-salmon-caesar-salad,,,,,,
,https://www.momontimeout.com/the-best-chicken-marinade-recipe/,,,,,,
,https://cooking.nytimes.com/recipes/1017482-grilled-sesame-lime-chicken-breasts?algo=cooking_search_relevance_metric_ios_and_web&fellback=false&imp_id=7027603434435337&req_id=7619444343449484&surface=cooking-search-web&variant=0_relevance_reranking,,,,,,
,https://cooking.nytimes.com/recipes/1023338-orzo-salad-with-lentils-and-zucchini?algo=cooking_search_relevance_metric_ios_and_web&fellback=false&imp_id=654983409578968&req_id=838710417069018&surface=cooking-search-web&variant=0_relevance_reranking,,,,,,
,https://cooking.nytimes.com/recipes/1014030-baba-ghanouj?smid=ck-recipe-iOS-share,,,,,,
,https://cooking.nytimes.com/recipes/1025927-cabbage-parm?smid=ck-recipe-iOS-share,,,,,,
,https://cooking.nytimes.com/recipes/3783-original-plum-torte?smid=ck-recipe-iOS-share,,,,,,
,https://cooking.nytimes.com/recipes/1015178-marcella-hazans-tomato-sauce?smid=ck-recipe-iOS-share,,,,,,
,https://cooking.nytimes.com/recipes/1020433-cowboy-caviar?smid=ck-recipe-iOS-share,,,,,,
,https://cooking.nytimes.com/recipes/1024956-sweet-chile-grain-bowl-with-tofu?smid=ck-recipe-iOS-share,,,,,,
,https://cooking.nytimes.com/recipes/1027150-dijon-chicken-with-tomatoes-and-scallions?smid=ck-recipe-iOS-share,,,,,,
,https://cooking.nytimes.com/recipes/1022791-brown-butter-orzo-with-butternut-squash?smid=ck-recipe-iOS-share,,,,,,
,https://cooking.nytimes.com/recipes/12866-stir-fried-rainbow-peppers-eggplant-and-tofu?smid=ck-recipe-iOS-share,,,,,,
,https://cooking.nytimes.com/recipes/1015382-curried-lentil-squash-and-apple-stew?smid=ck-recipe-iOS-share,,,,,,
,https://www.foodandwine.com/recipes/moroccan-chickpea-carrot-and-spinach-soup,,,,,,
,https://cooking.nytimes.com/recipes/1024491-cabbage-soup,,,,,,
,https://cooking.nytimes.com/recipes/1022791-brown-butter-orzo-with-butternut-squash?algo=cooking_search_relevance_metric_ios_and_web&fellback=false&imp_id=1578697725519704&req_id=2953169727494988&surface=cooking-search-web&variant=0_relevance_reranking,,,,,,
,https://cooking.nytimes.com/recipes/1012629-more-vegetable-than-egg-frittata?algo=cooking_search_relevance_metric_ios_and_web&fellback=false&imp_id=3126556175949566&req_id=5304386165072009&surface=cooking-search-web&variant=0_relevance_reranking,,,,,,
,https://cooking.nytimes.com/recipes/1022486-beet-and-barley-salad-with-date-citrus-vinaigrette?algo=cooking_search_relevance_metric_ios_and_web&fellback=false&imp_id=3756858417068539&req_id=1042241834191842&surface=cooking-search-web&variant=0_relevance_reranking,,,,,,
,https://www.bonappetit.com/recipe/bas-best-green-bean-casserole?srsltid=AfmBOoojQf0XsbBaektq5QKcbAOHzjRMzlz72pMRq-aNZGJzOd2JlX2T,,,,,,
,https://cooking.nytimes.com/recipes/1024671-sweet-potato-hash-with-tofu?algo=cooking_search_relevance_metric_ios_and_web&fellback=false&imp_id=4477837339675467&req_id=3807110868537332&surface=cooking-search&variant=0_relevance_reranking,,,,,,
,https://www.dianekochilas.com/eggplants-stuffed-with-onions-raisins-and-grape-molasses/,,,,,,
,https://cooking.nytimes.com/recipes/1025354-grilled-pork-chops-with-dill-pickle-butter,,,,,,
,https://cooking.nytimes.com/recipes/1024471-spicy-tuna-salad-with-crispy-rice,,,,,,
,https://cooking.nytimes.com/recipes/1023225-turkey-chili,,,,,,
"Prompt: 1 red meat, 1 fish, 1 veg, 1 chicken/veg (all with protein)",,,,,,,
"4 servings per dish, 15-20g protein per serving, fresh produce as much as possible",,,,,,,
,https://cooking.nytimes.com/recipes/1026425-smashed-beef-kebab-with-cucumber-yogurt,,,,,,
,https://cooking.nytimes.com/recipes/1020045-coconut-miso-salmon-curry?algo=cooking_search_relevance_metric_ios_and_web&fellback=false&imp_id=7514430380702233&req_id=4106792873569814&surface=cooking-search&variant=0_relevance_reranking,,,,,,
,https://cooking.nytimes.com/recipes/1020993-tofu-and-green-beans-with-chile-crisp,,,,,,
,https://cooking.nytimes.com/recipes/1027269-i-cant-believe-its-not-chicken-super-savory-grated-tofu,,,,,,
,https://cooking.nytimes.com/recipes/1020765-sheet-pan-salmon-and-broccoli-with-sesame-and-ginger?algo=cooking_search_relevance_metric_ios_and_web&fellback=false&imp_id=7634466321069921&req_id=6209147969230098&surface=cooking-search&variant=0_relevance_reranking,,,,,,
,https://cooking.nytimes.com/recipes/1025554-sheet-pan-chicken-tikka-thighs,,,,,,
,https://cooking.nytimes.com/recipes/1018484-pasta-and-bean-soup?algo=cooking_search_relevance_metric_ios_and_web&fellback=false&imp_id=2262691276708316&req_id=87163729668245&surface=cooking-search&variant=0_relevance_reranking,,,,,,
,https://cooking.nytimes.com/recipes/1026917-keema-palak-ground-chicken-and-spinach-curry,,,,,,
,https://cooking.nytimes.com/recipes/759847063-pork-tenderloin-with-chickpeas-tomatoes-and-oregano-vinaigrette,,,,,,
,https://cooking.nytimes.com/recipes/1025300-quick-chicken-paprikas,,,,,,
,https://cooking.nytimes.com/recipes/1026551-spicy-creamy-weeknight-bolognese,,,,,,
,https://cooking.nytimes.com/recipes/1020970-turmeric-black-pepper-chicken-with-asparagus,,,,,,
,https://cooking.nytimes.com/recipes/1027227-mustardy-sheet-pan-salmon-with-greens?algo=cooking_search_relevance_metric_ios_and_web&fellback=false&imp_id=4253074964794178&req_id=6209147969230098&surface=cooking-search&variant=0_relevance_reranking,,,,,,
,https://cooking.nytimes.com/recipes/1025300-quick-chicken-paprikas,,,,,,
,https://cooking.nytimes.com/recipes/1026917-keema-palak-ground-chicken-and-spinach-curry,,,,,,
,https://cooking.nytimes.com/recipes/1018484-pasta-and-bean-soup?algo=cooking_search_relevance_metric_ios_and_web&fellback=false&imp_id=2262691276708316&req_id=87163729668245&surface=cooking-search&variant=0_relevance_reranking,,,,,,
,https://cooking.nytimes.com/recipes/1023157-penne-al-baffo-creamy-tomato-ham-pasta?algo=cooking_search_relevance_metric_ios_and_web&fellback=false&imp_id=2346382209785291&req_id=7374111895036584&surface=cooking-search&variant=0_relevance_reranking,,,,,,
,https://cooking.nytimes.com/recipes/1025436-one-pot-chicken-and-rice-with-caramelized-lemon?algo=cooking_search_relevance_metric_ios_and_web&fellback=false&imp_id=4954679938098220&req_id=7729174257877057&surface=cooking-search&variant=0_relevance_reranking,,,,,,
,https://cooking.nytimes.com/recipes/1015721-swordfish-with-lemon-and-fennel,,,,,,
,https://cooking.nytimes.com/recipes/1025322-garlic-butter-steak-bites,,,,,,
,https://cooking.nytimes.com/recipes/1018863-instant-pot-mashed-potatoes-with-sour-cream-and-chives?algo=cooking_search_relevance_metric_ios_and_web&fellback=false&imp_id=1616295283058255&req_id=3018019782203471&surface=cooking-search&variant=0_relevance_reranking,,,,,,
,https://cooking.nytimes.com/recipes/1026610-porcini-ragu,,,,,,
,https://cooking.nytimes.com/recipes/1025873-miso-maple-sheet-pan-chicken-with-brussels-sprouts,,,,,,